<BackupInst xmlns="http://www.microsoft.com/GroupPolicy/GPOOperations/Manifest"><GPOGuid><![CDATA[{31B2F340-016D-11D2-945F-00C04FB984F9}]]></GPOGuid><GPODomain><![CDATA[kerb.com]]></GPODomain><GPODomainGuid><![CDATA[{b8c99fc9-819a-4ae6-ac29-13b0d333fd7e}]]></GPODomainGuid><GPODomainController><![CDATA[DC02.kerb.com]]></GPODomainController><BackupTime><![CDATA[2013-12-03T06:06:40]]></BackupTime><ID><![CDATA[{BF9D37FA-B8F8-4350-99D9-BC210DA8EA4D}]]></ID><Comment><![CDATA[GPO Backup for DC02]]></Comment><GPODisplayName><![CDATA[Default Domain Policy]]></GPODisplayName></BackupInst>
