<BackupInst xmlns="http://www.microsoft.com/GroupPolicy/GPOOperations/Manifest"><GPOGuid><![CDATA[{31B2F340-016D-11D2-945F-00C04FB984F9}]]></GPOGuid><GPODomain><![CDATA[KERB.COM]]></GPODomain><GPODomainGuid><![CDATA[{c1201007-8ba7-44ab-8cde-ce46743aa462}]]></GPODomainGuid><GPODomainController><![CDATA[DC02.KERB.COM]]></GPODomainController><BackupTime><![CDATA[2016-02-17T01:52:24]]></BackupTime><ID><![CDATA[{7D5F951C-D924-4118-80C9-DFCEC3B2FD08}]]></ID><Comment><![CDATA[]]></Comment><GPODisplayName><![CDATA[Default Domain Policy]]></GPODisplayName></BackupInst>
