<Backups xmlns="http://www.microsoft.com/GroupPolicy/GPOOperations/Manifest" xmlns:mfst="http://www.microsoft.com/GroupPolicy/GPOOperations/Manifest" mfst:version="1.0"><BackupInst><GPOGuid><![CDATA[{31B2F340-016D-11D2-945F-00C04FB984F9}]]></GPOGuid><GPODomain><![CDATA[contoso.com]]></GPODomain><GPODomainGuid><![CDATA[{b39af77b-3349-4cf6-8dd5-fe2378347acf}]]></GPODomainGuid><GPODomainController><![CDATA[DC01.contoso.com]]></GPODomainController><BackupTime><![CDATA[2013-11-20T09:19:51]]></BackupTime><ID><![CDATA[{3830DC6A-0AB3-42DF-ADF4-DDCCBC65D86F}]]></ID><Comment><![CDATA[GPO for MS-RAA Test Suite]]></Comment><GPODisplayName><![CDATA[Default Domain Policy]]></GPODisplayName></BackupInst></Backups>