<?xml version="1.0" encoding="utf-8"?><!-- Copyright (c) Microsoft Corporation.  All rights reserved. --><GroupPolicyBackupScheme bkp:version="2.0" bkp:type="GroupPolicyBackupTemplate" xmlns:bkp="http://www.microsoft.com/GroupPolicy/GPOOperations" xmlns="http://www.microsoft.com/GroupPolicy/GPOOperations">
    <GroupPolicyObject><SecurityGroups><Group bkp:Source="FromDACL"><Sid><![CDATA[S-1-5-21-434476540-2649698708-3234372811-519]]></Sid><SamAccountName><![CDATA[Enterprise Admins]]></SamAccountName><Type><![CDATA[UniversalGroup]]></Type><NetBIOSDomainName><![CDATA[CONTOSO]]></NetBIOSDomainName><DnsDomainName><![CDATA[CONTOSO.COM]]></DnsDomainName><UPN><![CDATA[Enterprise Admins@CONTOSO.COM]]></UPN></Group><Group bkp:Source="FromDACL"><Sid><![CDATA[S-1-5-21-434476540-2649698708-3234372811-512]]></Sid><SamAccountName><![CDATA[Domain Admins]]></SamAccountName><Type><![CDATA[GlobalGroup]]></Type><NetBIOSDomainName><![CDATA[CONTOSO]]></NetBIOSDomainName><DnsDomainName><![CDATA[CONTOSO.COM]]></DnsDomainName><UPN><![CDATA[Domain Admins@CONTOSO.COM]]></UPN></Group></SecurityGroups><FilePaths/><GroupPolicyCoreSettings><ID><![CDATA[{31B2F340-016D-11D2-945F-00C04FB984F9}]]></ID><Domain><![CDATA[CONTOSO.COM]]></Domain><SecurityDescriptor>01 00 04 9c 00 00 00 00 00 00 00 00 00 00 00 00 14 00 00 00 04 00 34 01 0a 00 00 00 00 00 24 00 bd 00 0e 00 01 05 00 00 00 00 00 05 15 00 00 00 fc 95 e5 19 94 31 ef 9d cb 9c c8 c0 00 02 00 00 00 0a 24 00 ff 00 0f 00 01 05 00 00 00 00 00 05 15 00 00 00 fc 95 e5 19 94 31 ef 9d cb 9c c8 c0 00 02 00 00 00 00 24 00 bd 00 0e 00 01 05 00 00 00 00 00 05 15 00 00 00 fc 95 e5 19 94 31 ef 9d cb 9c c8 c0 07 02 00 00 00 0a 24 00 ff 00 0f 00 01 05 00 00 00 00 00 05 15 00 00 00 fc 95 e5 19 94 31 ef 9d cb 9c c8 c0 07 02 00 00 00 00 24 00 bd 00 0e 00 01 05 00 00 00 00 00 05 15 00 00 00 fc 95 e5 19 94 31 ef 9d cb 9c c8 c0 00 02 00 00 00 0a 14 00 ff 00 0f 00 01 01 00 00 00 00 00 03 00 00 00 00 00 02 14 00 ff 00 0f 00 01 01 00 00 00 00 00 05 12 00 00 00 00 02 14 00 94 00 02 00 01 01 00 00 00 00 00 05 0b 00 00 00 05 02 28 00 00 01 00 00 01 00 00 00 8f fd ac ed b3 ff d1 11 b4 1d 00 a0 c9 68 f9 39 01 01 00 00 00 00 00 05 0b 00 00 00 00 02 14 00 94 00 02 00 01 01 00 00 00 00 00 05 09 00 00 00</SecurityDescriptor><DisplayName><![CDATA[Default Domain Policy]]></DisplayName><Options><![CDATA[0]]></Options><UserVersionNumber><![CDATA[0]]></UserVersionNumber><MachineVersionNumber><![CDATA[327685]]></MachineVersionNumber><MachineExtensionGuids><![CDATA[[{16BE69FA-4209-4250-88CB-716CF41954E0}{22B007DA-4935-4079-9EC5-9C81507CC714}][{35378EAC-683F-11D2-A89A-00C04FBBCFA2}{53D6AB1B-2488-11D1-A28C-00C04FB94F17}][{827D319E-6EAC-11D2-A4EA-00C04F79F83A}{803E14A0-B4FB-11D0-A0D0-00A0C90F574B}][{B1BE8D72-6EAC-11D2-A4EA-00C04F79F83A}{53D6AB1B-2488-11D1-A28C-00C04FB94F17}]]]></MachineExtensionGuids><UserExtensionGuids/><WMIFilter/></GroupPolicyCoreSettings> 
        <GroupPolicyExtension bkp:ID="{35378EAC-683F-11D2-A89A-00C04FBBCFA2}" bkp:DescName="Registry">
            <FSObjectFile bkp:Path="%GPO_MACH_FSPATH%\registry.pol" bkp:SourceExpandedPath="\\DC01.CONTOSO.COM\sysvol\CONTOSO.COM\Policies\{31B2F340-016D-11D2-945F-00C04FB984F9}\Machine\registry.pol" bkp:Location="DomainSysvol\GPO\Machine\registry.pol"/>
            
            <FSObjectFile bkp:Path="%GPO_FSPATH%\Adm\*.*" bkp:SourceExpandedPath="\\DC01.CONTOSO.COM\sysvol\CONTOSO.COM\Policies\{31B2F340-016D-11D2-945F-00C04FB984F9}\Adm\*.*"/>
        </GroupPolicyExtension>
        
        
        
        
        <GroupPolicyExtension bkp:ID="{827D319E-6EAC-11D2-A4EA-00C04F79F83A}" bkp:DescName="Security">
            <FSObjectFile bkp:Path="%GPO_MACH_FSPATH%\microsoft\windows nt\SecEdit\GptTmpl.inf" bkp:SourceExpandedPath="\\DC01.CONTOSO.COM\sysvol\CONTOSO.COM\Policies\{31B2F340-016D-11D2-945F-00C04FB984F9}\Machine\microsoft\windows nt\SecEdit\GptTmpl.inf" bkp:ReEvaluateFunction="SecurityValidateSettings" bkp:Location="DomainSysvol\GPO\Machine\microsoft\windows nt\SecEdit\GptTmpl.inf"/>
        </GroupPolicyExtension>
        
        
        
        
    <GroupPolicyExtension bkp:ID="{F15C46CD-82A0-4C2D-A210-5D0D3182A418}" bkp:DescName="Unknown Extension"><FSObjectDir bkp:Path="%GPO_MACH_FSPATH%\Microsoft" bkp:SourceExpandedPath="\\DC01.CONTOSO.COM\sysvol\CONTOSO.COM\Policies\{31B2F340-016D-11D2-945F-00C04FB984F9}\MACHINE\Microsoft" bkp:Location="DomainSysvol\GPO\Machine\Microsoft"/><FSObjectDir bkp:Path="%GPO_MACH_FSPATH%\Microsoft\Windows NT" bkp:SourceExpandedPath="\\DC01.CONTOSO.COM\sysvol\CONTOSO.COM\Policies\{31B2F340-016D-11D2-945F-00C04FB984F9}\MACHINE\Microsoft\Windows NT" bkp:Location="DomainSysvol\GPO\Machine\Microsoft\Windows NT"/><FSObjectDir bkp:Path="%GPO_MACH_FSPATH%\Microsoft\Windows NT\Cap" bkp:SourceExpandedPath="\\DC01.CONTOSO.COM\sysvol\CONTOSO.COM\Policies\{31B2F340-016D-11D2-945F-00C04FB984F9}\MACHINE\Microsoft\Windows NT\Cap" bkp:Location="DomainSysvol\GPO\Machine\Microsoft\Windows NT\Cap"/><FSObjectFile bkp:Path="%GPO_MACH_FSPATH%\Microsoft\Windows NT\Cap\cap.inf" bkp:SourceExpandedPath="\\DC01.CONTOSO.COM\sysvol\CONTOSO.COM\Policies\{31B2F340-016D-11D2-945F-00C04FB984F9}\MACHINE\Microsoft\Windows NT\Cap\cap.inf" bkp:Location="DomainSysvol\GPO\Machine\Microsoft\Windows NT\Cap\cap.inf"/><FSObjectDir bkp:Path="%GPO_MACH_FSPATH%\Microsoft\Windows NT\SecEdit" bkp:SourceExpandedPath="\\DC01.CONTOSO.COM\sysvol\CONTOSO.COM\Policies\{31B2F340-016D-11D2-945F-00C04FB984F9}\MACHINE\Microsoft\Windows NT\SecEdit" bkp:Location="DomainSysvol\GPO\Machine\Microsoft\Windows NT\SecEdit"/><FSObjectDir bkp:Path="%GPO_MACH_FSPATH%\Scripts" bkp:SourceExpandedPath="\\DC01.CONTOSO.COM\sysvol\CONTOSO.COM\Policies\{31B2F340-016D-11D2-945F-00C04FB984F9}\MACHINE\Scripts" bkp:Location="DomainSysvol\GPO\Machine\Scripts"/><FSObjectDir bkp:Path="%GPO_MACH_FSPATH%\Scripts\Shutdown" bkp:SourceExpandedPath="\\DC01.CONTOSO.COM\sysvol\CONTOSO.COM\Policies\{31B2F340-016D-11D2-945F-00C04FB984F9}\MACHINE\Scripts\Shutdown" bkp:Location="DomainSysvol\GPO\Machine\Scripts\Shutdown"/><FSObjectDir bkp:Path="%GPO_MACH_FSPATH%\Scripts\Startup" bkp:SourceExpandedPath="\\DC01.CONTOSO.COM\sysvol\CONTOSO.COM\Policies\{31B2F340-016D-11D2-945F-00C04FB984F9}\MACHINE\Scripts\Startup" bkp:Location="DomainSysvol\GPO\Machine\Scripts\Startup"/></GroupPolicyExtension></GroupPolicyObject>
</GroupPolicyBackupScheme>