<BackupInst xmlns="http://www.microsoft.com/GroupPolicy/GPOOperations/Manifest"><GPOGuid><![CDATA[{31B2F340-016D-11D2-945F-00C04FB984F9}]]></GPOGuid><GPODomain><![CDATA[CONTOSO.COM]]></GPODomain><GPODomainGuid><![CDATA[{b2770085-44bb-49e3-aada-8f18be11432a}]]></GPODomainGuid><GPODomainController><![CDATA[DC01.CONTOSO.COM]]></GPODomainController><BackupTime><![CDATA[2016-02-17T01:51:19]]></BackupTime><ID><![CDATA[{9DA4066D-33CD-455E-B336-F2A426956D65}]]></ID><Comment><![CDATA[]]></Comment><GPODisplayName><![CDATA[Default Domain Policy]]></GPODisplayName></BackupInst>
